,Dens1SimMAPE,Dens2SimMAPE,RCE1MAPE,RCE2MAPE,SigC800,SigBr730,EpsC800,EpsBr730,Dens1PredMAPE,Dens1Pred,Dens2PredMAPE,Dens2Pred,Dens1Sim,Dens1SimErr,Dens2Sim,Dens2SimErr,RCE1,RCE2,RCE3,RCE4,RCE5,RCE6,RCE7,RCE8,RCE9,RCE21,RCE22,RCE23,#
21,1.947013638501326,0.6491855383392986,254.51471891274463,27.529276426848455,0.1060263925383941,0.3755150156447439,0.4993979043668262,2.4333380334428565,0.0871045067310671,1274.688720703125,13.1985118382499,1424.603271484375,1250.96,1.4,1266.67,1.4,1.2638623326959872,0.0250956022944594,-0.6563097514340298,0.0,-1.1534416826003808,-1.1529636711281033,-1.768881453154871,1.2700764818355692,-0.6524856596558293,0.0,1.2010038240917726,0.744263862332697,minMAPE-1
22,1.980717980874744,0.573698847834726,257.5329159755717,29.03187620539676,0.0415811209228587,0.3817736311311561,0.5235371828595594,2.4607202443303184,0.9702130832124976,1288.177978515625,7.136248898117799,1348.3096923828125,1250.53,1.0,1265.72,1.4,1.316682600382406,0.050430210325044,-0.7217973231357577,0.0,-1.1601338432122403,-1.1536806883365196,-1.849904397705547,1.3219407265774392,-0.7124760994263849,0.0,1.1794933078393883,0.6842734225621414,minMAPE-2
23,1.9705282959711454,0.4553039332538751,261.2745451261299,30.132350957677385,0.0400990218094715,0.384660771786446,0.4382078670875588,2.434667721831779,0.3603112232275862,1280.3968505859375,8.523417712678784,1365.7672119140625,1250.66,1.8,1264.23,0.52,1.32576481835564,0.0497131931166344,-0.7688814531548788,0.0,-1.1747131931166397,-1.172801147227536,-1.890057361376677,1.3487093690248566,-0.7746175908221831,0.0,1.1436424474187372,0.6171128107074554,minMAPE-3
37,2.151591158488795,0.5570123162495026,267.0816927761902,35.19347249964781,0.0400000358125049,0.3921873428643174,0.4410537968687788,2.3394866774073617,1.0659805826491258,1289.3997802734375,12.520563294596744,1416.0712890625,1248.35,0.61,1265.51,1.3,1.3843212237093694,-0.0045411089866169,-0.8699808795411125,0.0,-1.1935946462715104,-1.1823613766730408,-1.9959369024856597,1.3738049713193092,-0.8620936902485657,0.0,1.1990917782026758,0.5628585086042108,minMAPE-17
33,4.178554632387518,0.5824394119984051,321.80228762470443,74.88607209057943,0.2932376636415091,0.4919599309704882,0.4739925275745371,2.4344353617594936,0.0817827080312388,1276.8433837890625,8.456567605904846,1364.9259033203125,1222.49,1.3,1251.17,2.2,1.9373804971319368,0.0889101338432156,-2.280114722753344,0.0,-1.1527246653919645,-1.1747131931166328,-3.381453154875716,1.9457456978967544,-2.3348470363288665,0.0,0.730640535372846,-0.9065487571701736,minMAPE-13
27,4.133876783194859,0.7771156138259812,326.75232577856184,75.31623133232611,0.2443063626977333,0.4937265265894318,0.5097114303621018,2.4443540815039766,0.3036774107422829,1279.67431640625,9.183664363577671,1374.076416015625,1223.06,1.3,1248.72,1.5,1.927581261950286,0.0463671128107046,-2.3910133843212216,0.0,-1.1610898661567888,-1.188097514340345,-3.4342734225621414,1.9361854684512425,-2.437380497131933,0.0,0.7722275334608018,-0.8685468451242865,minMAPE-7
36,3.5883367298949658,0.25506555423123056,328.0216164354621,70.90370472716057,0.3269557271357055,0.4868838123011612,0.5115360959904809,2.4541490615982418,0.2716528507848053,1279.2657470703125,11.537841505884982,1403.7037353515625,1230.02,1.1,1255.29,1.6,1.896271510516252,0.0200764818355648,-2.181405353728485,0.0,-1.2590822179732315,-1.2437858508604225,-3.319550669216057,1.832456978967496,-2.1859464627151017,0.0,0.7973231357552544,-0.7363766730401571,minMAPE-16
7,4.5163818780373015,1.033770361541517,329.2829873218476,77.7343739327957,0.2538662194569049,0.4987420554974618,0.5024649827521409,2.4382252525177783,0.3443228635953947,1280.19287109375,10.077973685190702,1385.331298828125,1218.18,0.77,1245.49,2.2,2.0076481835564066,0.0195984703632939,-2.4717973231357515,0.0,-1.1589388145315462,-1.1735181644359456,-3.5346558317399586,1.9988049713193117,-2.5117112810707423,0.0,0.7746175908221762,-0.9223231357552604,maxR2-7
14,4.706066781627212,1.0639650377433534,329.30642984401504,77.97272157479115,0.2536103048844643,0.5015911483475213,0.5130635953020919,2.4407648112314866,0.492361104307105,1282.08154296875,10.70044013210171,1393.1650390625,1215.76,1.1,1245.11,0.53,2.0494741873804943,0.0026290630975133,-2.5081261950286806,0.0,-1.1618068833651982,-1.1417304015296337,-3.574808795411088,2.022944550669216,-2.556644359464628,0.0,0.7244263862332709,-0.9858986615678776,maxR2-14
15,4.7820975074463075,1.3047278506158182,329.3606802591894,82.01417515759974,0.2591790052824625,0.5041516084920056,0.5037298893283699,2.435826750043547,0.386939353004001,1280.736572265625,10.483555572109656,1390.435546875,1214.79,0.98,1242.08,0.8,2.0666826003824137,0.0788718929254332,-2.535372848948376,0.0,-1.1517686424474158,-1.1517686424474158,-3.5831739961759057,2.025812619502868,-2.553537284894837,0.0,0.7311185468451237,-1.0726577437858509,maxR2-15
38,4.779746041699327,1.1426301152165363,330.4482736655639,79.40661915145726,0.2535649200035906,0.5004059949203457,0.5071020082041054,2.442875447559904,0.4136823004438427,1281.0777587890625,12.64515552058502,1417.6392822265625,1214.82,1.2,1244.12,1.2,2.0124282982791626,0.0967973231357555,-2.506453154875716,0.0,-1.1646749521988504,-1.1814053537284854,-3.537284894837472,1.981596558317399,-2.5348948374760982,0.0,0.7402007648183576,-1.0011950286806863,minMAPE-18
0,4.94826775356638,1.353198251887165,331.2251564343073,80.27101378275493,0.2445403434107726,0.5038895914880019,0.5068330136426908,2.4419249921696835,0.1348571729503092,1277.5205078125,10.291928945669447,1388.02392578125,1212.67,1.2,1241.47,1.3,1.9897227533460844,0.0580783938814519,-2.568833652007646,0.0,-1.1706500956022934,-1.1324091778202676,-3.621892925430209,2.037523900573615,-2.579110898661567,0.0,0.7533460803059242,-1.0062141491395813,maxR2-0
9,4.787584260855928,1.2951926897099686,331.56092593117614,80.24038382510922,0.2438242380907067,0.5023963454241951,0.5107647463003575,2.444556914238916,0.1646140840551062,1277.900146484375,9.97114154996027,1383.98681640625,1214.72,1.5,1242.2,1.6,2.0253346080305903,0.09918738049713,-2.5293977055449326,0.0,-1.1730401529636747,-1.1837954110898667,-3.5592734225621405,2.0155353728489467,-2.536089866156792,0.0,0.764101338432123,-0.993068833652008,maxR2-9
2,4.4873804671578625,1.0615812475168773,332.5887775305437,77.1847662156084,0.2683949397553242,0.4962710388559038,0.5171317617176521,2.445602783994444,0.0598716705939446,1276.5638427734375,11.115624689610648,1398.39013671875,1218.55,0.67,1245.14,1.1,1.9529158699808844,0.0678776290631023,-2.459130019120456,0.0,-1.2213193116634764,-1.195745697896746,-3.502629063097508,1.9574569789675011,-2.458413001912039,0.0,0.744263862332697,-0.9445506692160608,maxR2-2
1,5.0736792600721135,1.346841477949944,332.7002375727427,80.40487121840064,0.2415452890673212,0.5042762935319289,0.500402503091731,2.431679934279573,0.2581522071935292,1279.093505859375,10.574606348703815,1391.5814208984375,1211.07,1.1,1241.55,1.7,2.088671128107076,0.0353728489483738,-2.557122370936898,0.0,-1.1818833652007632,-1.1618068833651982,-3.611854684512427,2.023183556405354,-2.5740917782026798,0.0,0.7043499043977062,-1.065965583173998,maxR2-1
5,4.841667973036525,1.3738577671831516,334.3126945949541,78.71479733403811,0.2505240150656783,0.5029746768259984,0.5076236066099428,2.4405799042652,0.461484720983896,1281.6876220703125,10.557874422675804,1391.370849609375,1214.03,0.71,1241.21,1.9,2.106596558317398,0.0707456978967476,-2.574808795411089,0.0,-1.1919216061185456,-1.1909655831739971,-3.5944072657743757,2.0062141491395806,-2.5616634799235154,0.0,0.7729445506692182,-0.947179732313574,maxR2-5
20,4.615143439410557,1.0655542312276585,334.41950805348745,78.96395340140879,0.2556208902219235,0.5022689625724711,0.5099400460442666,2.446474332543669,0.2830293676026842,1279.410888671875,9.120005447333137,1373.2752685546875,1216.92,1.9,1245.09,0.92,2.005497131931171,0.0353728489483738,-2.557361376673037,0.0,-1.1692160611854674,-1.1995697896749535,-3.5989483747609925,1.9746653919694075,-2.5812619502868026,0.0,0.761233269598464,-0.9665391969407292,minMAPE-0
13,5.230443643204265,1.581247516885188,334.5379201851554,81.4554605084071,0.2493929601758192,0.5085190109997173,0.4959268602926333,2.434926164631936,0.0004554433982563,1275.794189453125,9.974837123187326,1384.0333251953125,1209.07,1.9,1238.6,1.6,2.048279158699807,0.0800669216061136,-2.646510516252392,0.0,-1.156070745697901,-1.1644359464627183,-3.6661089866156784,1.9899617590822165,-2.640535372848949,0.0,0.6947896749522013,-1.101577437858504,maxR2-13
17,4.820504781313685,1.2729439809296768,334.7454734431369,81.71844278958514,0.2476475000715813,0.5046629377205352,0.5151284537105748,2.4446455369137694,0.0659378704783309,1276.6412353515625,9.898054557136472,1383.0670166015625,1214.3,0.59,1242.48,0.91,2.0141013384321207,0.0994263862332688,-2.5905831739961758,0.0,-1.1553537284894844,-1.2072179732313546,-3.6321701720841295,2.0549713193116665,-2.599904397705548,0.0,0.7404397705544964,-1.0549713193116603,maxR2-17
16,5.194387835083868,1.526420341676602,335.28460045351613,83.19626394757326,0.243613478381777,0.5074760256034211,0.5115404619606402,2.446998483543755,0.1894051312166911,1278.2164306640625,10.455251943037345,1390.079345703125,1209.53,1.3,1239.29,1.1,2.040630975143406,0.0138623326959897,-2.619980879541106,0.0,-1.1823613766730408,-1.153202676864242,-3.6618068833652,1.9574569789674947,-2.6300191204588885,0.0,0.7136711281070789,-1.1204588910133817,maxR2-16
8,4.856560589434084,1.292014302741358,335.4408465765073,81.48682401471653,0.2582862019997312,0.5021736463765384,0.5089302867432772,2.441643329227541,0.5354655687852755,1282.6314697265625,10.026429653357171,1384.6826171875,1213.84,0.99,1242.24,0.86,1.9708413001912068,0.0215105162523908,-2.5413479923518185,0.0,-1.1998087954110923,-1.2043499043977024,-3.573613766730401,2.0054971319311643,-2.56333652007648,0.0,0.765535372848949,-1.020554493307842,maxR2-8
12,4.975701520614518,1.2912197059992052,336.10164696346965,80.79298920152839,0.2555752809980189,0.5031283033359707,0.5111584102571535,2.4417840309034844,0.1951364462494157,1278.28955078125,10.155600122293404,1386.3082275390625,1212.32,1.5,1242.25,1.1,2.004541108986616,0.0375239005736095,-2.5917782026768625,0.0,-1.2084130019120487,-1.1823613766730408,-3.612810707456982,2.012906309751433,-2.580783938814532,0.0,0.741156787762906,-1.0325047801147278,maxR2-12
4,4.991377958927737,1.5073500198649206,337.015818948503,81.57573294717793,0.2628837342974492,0.5070790874860948,0.5101423576700779,2.4393654771306355,0.0145110390294289,1275.6148681640625,9.321583932384785,1375.8121337890625,1212.12,0.83,1239.53,0.29,2.097036328871893,0.0066921606118594,-2.6132887189292537,0.0,-1.1816443594646244,-1.197418738049711,-3.6618068833652,2.0016730401529634,-2.6211759082217934,0.0,0.7251434034416874,-1.069311663479921,maxR2-4
19,4.902806082458063,1.2538736591179953,337.059826044559,79.1627651122859,0.2516549002876246,0.5042091989415964,0.5078189204081646,2.441719782565736,0.5145304814871098,1282.3643798828125,10.098391484778508,1385.5882568359375,1213.25,0.98,1242.72,2.1,2.008843212237094,0.0155353728489478,-2.574808795411089,0.0,-1.2100860420650137,-1.1883365200764835,-3.626912045889104,2.007170172084129,-2.6104206500956013,0.0,0.7081739961759067,-1.0325047801147278,maxR2-19
18,5.194387835083868,1.3786253476360675,337.57853745495584,80.85783293289325,0.2456507623961084,0.505910154305538,0.4958765052208944,2.438456221927191,0.150214035433653,1277.7164306640625,9.708047775129122,1380.67578125,1209.53,1.6,1241.15,1.0,2.014818355640537,0.054732313575529,-2.62260994263862,0.0,-1.1878585086042062,-1.1976577437858498,-3.66586998087954,2.0174474187380502,-2.614244741873802,0.0,0.7048279158699838,-1.0760038240917738,maxR2-18
10,4.738987302084969,1.4747715534366266,338.7092301780722,79.96749077779613,0.2463052018101106,0.504922156870766,0.5094421879381463,2.4425425660708187,0.1133575654736279,1277.2462158203125,10.205388514352403,1386.934814453125,1215.34,1.1,1239.94,0.94,1.99187380497132,0.0858030592734178,-2.61400573613767,0.0,-1.211042065009562,-1.2117590822179716,-3.650812619502869,2.0384799235181634,-2.5860420650095586,0.0,0.7430688336520097,-1.0109942638623302,maxR2-10
11,5.413857971468877,1.5725069527214908,338.73619771694223,84.11752568840973,0.2589343500447401,0.5106553244645652,0.5083659714444626,2.4453254597485348,0.1399952633886616,1277.5860595703125,10.118508594681169,1385.8414306640625,1206.73,0.99,1238.71,0.84,2.043738049713197,0.0638145315487561,-2.658221797323132,0.0,-1.1871414913957898,-1.1725621414913905,-3.735181644359461,2.055927342256215,-2.69885277246654,0.0,0.6386233269598464,-1.1460325047801116,maxR2-11
3,4.873020849662944,1.1418355184743656,340.1192982897526,80.32014897760993,0.2813935743802294,0.5037365078493536,0.4954723984773529,2.437345089089928,0.3334343218470799,1280.053955078125,9.80751786290723,1381.9276123046875,1213.63,1.4,1244.13,2.2,1.987332695984703,0.0755258126195034,-2.581978967495219,0.0,-1.2289674952198844,-1.2251434034416837,-3.630019120458895,1.9404875717017207,-2.591300191204592,0.0,0.7069789674952195,-1.0609464627151035,maxR2-3
6,5.322150807336563,1.6964640444974102,345.148145308403,81.85341556175928,0.1936291816270565,0.5092461997006387,0.4955522275459367,2.427032626035134,0.0544561041356439,1276.4947509765625,9.865405477130512,1382.6561279296875,1207.9,0.69,1237.15,1.5,1.9639101338432152,0.1180688336520075,-2.696701720841297,0.0,-1.2100860420650066,-1.2452198852772418,-3.754541108986616,1.9940248565965624,-2.70267686424474,0.0,0.6854684512428354,-1.1216539196940687,maxR2-6
30,5.6607618749020245,1.7457290425109278,345.66189837006846,83.57234762493066,0.2697482948475814,0.5118226379745581,0.5006884471021755,2.446115300238595,0.7497248968784328,1285.364990234375,9.37570807571017,1376.4932861328125,1203.58,0.99,1236.53,0.68,1.9579349904397725,-0.0391969407265743,-2.7170172084130004,0.0,-1.2117590822179716,-1.2081739961759097,-3.786089866156789,1.9548279158699813,-2.760277246653921,0.0,0.6857074569789674,-1.1615678776290663,minMAPE-10
34,6.082458065527505,2.234406038935232,346.7603659310952,86.17628296704419,0.2280676875905545,0.5183871783223515,0.503613965440937,2.431641694466002,0.6660610927947206,1284.297607421875,7.172942739372269,1348.771484375,1198.2,0.93,1230.38,0.77,2.042304015296364,0.0917782026768609,-2.8343690248565987,0.0,-1.2041108986615705,-1.1859464627151093,-3.870697896749527,2.057361376673041,-2.839627151051625,0.0,0.6806883365200797,-1.2282504780114678,minMAPE-14
39,5.920990750901392,1.9253079062375857,347.1872165343884,85.88391158226543,0.2173000717130899,0.5146373140820907,0.4913765654853671,2.4426853083189046,0.0049218505055687,1275.86279296875,10.406385019368296,1389.46435546875,1200.26,1.5,1234.27,0.92,2.110898661567883,0.0623804971319301,-2.772705544933078,0.0,-1.22323135755258,-1.211042065009555,-3.8432122370936863,2.026768642447423,-2.7860898661567832,0.0,0.645076481835567,-1.1947896749521976,minMAPE-19
32,5.76187490202226,2.0294000794596716,347.9438486727547,87.32900452772166,0.255849816484444,0.5163614168634313,0.5152865480697211,2.4447154813832714,0.1780190462601932,1278.0711669921875,7.314315389724871,1350.5506591796875,1202.29,0.75,1232.96,0.63,2.0781548757170154,0.050430210325044,-2.823613766730406,0.0,-1.2067399617590835,-1.2143881453154917,-3.854206500956024,2.003824091778199,-2.818355640535373,0.0,0.7110420650095588,-1.2201242829827892,minMAPE-12
24,6.308198777237813,2.3329360349622488,349.9039478731358,91.0282548301891,0.2488157750989007,0.5219247202022487,0.5153441909669486,2.446516999343208,0.0037564512217788,1275.7520751953125,7.667480274756655,1354.9952392578125,1195.32,0.87,1229.14,1.2,2.0595124282982766,0.1008604206500948,-2.8733269598470343,0.0,-1.1735181644359456,-1.226099426386232,-3.942877629063101,2.01362332695985,-2.88599426386233,0.0,0.6324091778202644,-1.3004302103250482,minMAPE-4
25,5.902962846841193,2.0588001589193548,352.3939149720141,84.4711034217691,0.0741259085646796,0.5153555695087547,0.5010949671855672,2.420572105208308,0.6583128141411235,1267.4012451171875,0.7225379140593962,1267.5931396484375,1200.49,0.98,1232.59,0.44,2.061902485659651,0.0982313575525815,-2.7629063097514344,0.0,-1.2798757170172128,-1.2327915869980917,-3.89627151051625,2.000956022944547,-2.7641013384321216,0.0,0.7163001912045922,-1.1472275334607989,minMAPE-5
26,7.188430788524851,2.85578069129917,353.6580146455686,91.8736116341465,0.2526841361885467,0.5295137790786638,0.517650603719575,2.4465056585149565,0.1663459171451282,1277.9222412109375,10.188782683998808,1386.725830078125,1184.09,1.0,1222.56,1.2,2.031787762906311,0.0387189292543035,-2.985420650095598,0.0,-1.2048279158699802,-1.1625239005736148,-4.063575525812622,2.106118546845127,-3.029636711281068,0.0,0.6728011472275329,-1.3668738049713178,minMAPE-6
28,7.268380623922247,2.9662296384584765,361.04185802179,100.12892750306538,0.2498528456906207,0.5314824253408388,0.5150238110031492,2.443997574232818,0.0849593300527156,1276.8839111328125,5.5568714770808505,1328.4332275390625,1183.07,1.5,1221.17,1.1,2.0815009560229454,0.0344168260038253,-3.02868068833652,0.0,-1.2363766730401533,-1.232313575525814,-4.1269120458891,2.1087476099426405,-3.056883365200763,0.0,0.5951242829827937,-1.470124282982794,minMAPE-8
35,7.697131211788685,3.412793007548673,362.35599452792167,99.19853695591851,0.2606404900488906,0.5354615687109929,0.5083946546793161,2.4290509040040678,0.9959819941409276,1263.09326171875,2.147525731277314,1285.526611328125,1177.6,1.5,1215.55,1.4,2.0267686424474163,0.0647705544933046,-3.0745697896749533,0.0,-1.2053059273422575,-1.2265774378585097,-4.17041108986616,2.0097992351816423,-3.169455066921605,0.0,0.5767208413001937,-1.4271032504780123,minMAPE-15
31,8.303025552594455,3.9713945172824805,368.36544597469725,105.6300453570072,0.248771505661823,0.5391700171778122,0.5097335619057394,2.4453883705384287,0.7041805570524412,1284.783935546875,9.55494822705602,1378.7490234375,1169.87,1.1,1208.52,1.3,2.168738049713196,-0.0009560229445484,-3.1811663479923524,0.0,-1.26003824091778,-1.2344646271510498,-4.253585086042064,1.997609942638624,-3.1646749521988493,0.0,0.5442160611854653,-1.5399139579349932,minMAPE-11
29,8.324188744317293,4.04290822407629,370.460363047668,103.72974505035062,0.2502348250995996,0.5399649671065648,0.5222921797557517,2.456847381667251,2.891935452265249,1312.6953125,5.785938819154747,1331.3160400390625,1169.6,1.2,1207.62,0.41,2.0425430210325097,0.0057361376673042,-3.1763862332695965,0.0,-1.250478011472275,-1.255497131931163,-4.276768642447413,2.058317399617596,-3.2330305927342224,0.0,0.5717017208412992,-1.5272466539196976,minMAPE-9
